Time,Run,image name,Y position,X position,Y comand position,X comand position,Z comand position,axis_x_position_error,axis_y_position_error,axis_z_position_error, pix_Y,pix_X, pix_R, temp0, temp1, temp2,temp3
2025-05-19-11-06-21,0,0.png,0,0,-49.765257,-3.375531,-3.4002,9.76563E-006,-4.88281E-006,    0.0001,1499.9154060786525,2048.011940308589,215.52536916546975,23.74,23.92,23.75,23.8 
2025-05-19-11-06-25,0,1.png,0,1,-48.765762,-3.375247,-3.400201,1.2207E-005,-4.88281E-006,         0,1500.0765687135752,2047.9469832436403,215.57176040471492,23.74,23.92,23.75,23.81 
2025-05-19-11-06-29,0,2.png,0,2,-47.765777,-3.375278,-3.400201,         0,-4.88281E-006,         0,1500.045599250507,2047.9993268076057,215.57251108302222,23.74,23.91,23.75,23.81 
2025-05-19-11-06-33,0,3.png,0,3,-46.765553,-3.37577,-3.400202,-4.88281E-006,1.46484E-005,         0,1500.0469703016656,2047.9796042370544,215.5785255010213,23.74,23.91,23.75,23.81 
2025-05-19-11-06-37,0,4.png,0,4,-45.765478,-3.375899,-3.400203,-1.2207E-005,9.76563E-006,         0,1499.9888033605623,2047.9770075466408,215.54546628743114,23.74,23.91,23.75,23.81 
2025-05-19-11-06-41,0,5.png,0,5,-44.765864,-3.375604,-3.400203,1.2207E-005,         0,    0.0001,1500.1003332283972,2048.045495443939,215.5359283689134,23.74,23.92,23.75,23.8 
2025-05-19-11-06-45,0,6.png,0,6,-43.76607,-3.375532,-3.400204,4.88281E-006,         0,         0,1499.9775373269295,2048.013131250685,215.56884462462654,23.74,23.91,23.75,23.82 
2025-05-19-11-06-49,0,7.png,0,7,-42.765905,-3.375836,-3.400205,-4.88281E-006,9.76563E-006,         0,1499.9410130833555,2047.9801034348898,215.5845757073507,23.74,23.93,23.75,23.8 
2025-05-19-11-06-53,0,8.png,0,8,-41.765701,-3.376131,-3.400205,1.2207E-005,9.76563E-006,    0.0001,1500.16845274994,2047.9733015907348,215.5873585541711,23.74,23.92,23.75,23.81 
2025-05-19-11-06-57,0,9.png,0,9,-40.765974,-3.37594,-3.400206,         0,4.88281E-006,         0,1499.8725798022172,2047.9496475712974,215.57070000336674,23.74,23.93,23.75,23.81 
2025-05-19-11-07-01,0,10.png,0,10,-39.7661,-3.376046,-3.400207,-7.32422E-006,4.88281E-006,         0,1500.0617515230251,2047.9336811361711,215.59895505339622,23.74,23.91,23.75,23.81 
2025-05-19-11-07-05,0,11.png,0,10,-39.766144,-3.375883,-3.400207,-7.32422E-006,-4.88281E-006,         0,1499.9018349745184,2047.9605851666547,215.601568763862,23.74,23.92,23.76,23.81 
2025-05-19-11-07-08,0,12.png,0,9,-40.766015,-3.375985,-3.400206,4.88281E-006,         0,         0,1499.8813926386226,2047.947525090863,215.57741906089115,23.74,23.93,23.76,23.82 
2025-05-19-11-07-12,0,13.png,0,8,-41.765791,-3.37606,-3.400205,1.95313E-005,         0,         0,1499.9627384124324,2048.0043674616113,215.58824070661555,23.74,23.92,23.76,23.81 
2025-05-19-11-07-16,0,14.png,0,7,-42.76586,-3.375747,-3.400205,-7.32422E-006,4.88281E-006,         0,1499.9382801069862,2048.018534693312,215.5903174225553,23.74,23.92,23.76,23.81 
2025-05-19-11-07-20,0,15.png,0,6,-43.766106,-3.375463,-3.400204,-4.88281E-006,         0,         0,1499.994054723032,2047.978653842233,215.5679830737719,23.74,23.93,23.76,23.81 
2025-05-19-11-07-24,0,16.png,0,5,-44.765926,-3.375313,-3.400203,4.88281E-006,-9.76563E-006,         0,1500.0095365734012,2047.9937098032344,215.54011306299864,23.74,23.92,23.76,23.82 
2025-05-19-11-07-28,0,17.png,0,4,-45.765565,-3.375897,-3.400203,9.76563E-006,4.88281E-006,         0,1500.1841776831347,2047.933356424825,215.5442530935245,23.74,23.92,23.76,23.84 
2025-05-19-11-07-32,0,18.png,0,3,-46.765502,-3.37571,-3.400202,1.2207E-005,-4.88281E-006,         0,1500.0266020195925,2047.9767836926283,215.57331308546708,23.74,23.92,23.76,23.81 
2025-05-19-11-07-36,0,19.png,0,2,-47.765817,-3.37526,-3.400201,9.76563E-006,4.88281E-006,         0,1499.898569408411,2048.001337148474,215.57164669504246,23.74,23.92,23.76,23.81 
2025-05-19-11-07-40,0,20.png,0,1,-48.765776,-3.375109,-3.400201,4.88281E-006,-4.88281E-006,         0,1499.8339111470452,2048.0364241705556,215.5716570446914,23.74,23.93,23.76,23.81 
2025-05-19-11-07-44,0,21.png,0,0,-49.765348,-3.375599,-3.4002,9.76563E-006,4.88281E-006,         0,1500.0531323791777,2048.0029394299127,215.52903003738137,23.74,23.92,23.76,23.82 
2025-05-19-11-07-48,0,22.png,1,0,-49.765648,-2.375572,-3.400199,-2.44141E-006,-4.88281E-006,    0.0001,1500.0524417137083,2047.9688984824402,215.58788680214653,23.74,23.92,23.76,23.8 
2025-05-19-11-07-52,0,23.png,1,1,-48.766034,-2.375323,-3.4002,         0,-4.88281E-006,         0,1500.0335320363163,2047.9322019996032,215.58000072544152,23.74,23.92,23.76,23.82 
2025-05-19-11-07-56,0,24.png,1,2,-47.766104,-2.375287,-3.400201,-1.46484E-005,-4.88281E-006,         0,1500.045827313707,2048.001972989492,215.5955830024712,23.74,23.93,23.76,23.81 
2025-05-19-11-08-00,0,25.png,1,3,-46.765804,-2.375875,-3.400201,-7.32422E-006,9.76563E-006,         0,1500.0778537426033,2047.9951300975126,215.60174136392158,23.74,23.94,23.76,23.83 
2025-05-19-11-08-04,0,26.png,1,4,-45.765781,-2.375993,-3.400202,1.95313E-005,9.76563E-006,         0,1500.089099576038,2047.9996964034217,215.59687447096496,23.74,23.91,23.76,23.81 
2025-05-19-11-08-08,0,27.png,1,5,-44.766183,-2.375425,-3.400203,-7.32422E-006,-4.88281E-006,   -0.0001,1499.8672792120774,2048.033391396067,215.59278219367502,23.75,23.93,23.76,23.83 
2025-05-19-11-08-12,0,28.png,1,6,-43.766395,-2.375497,-3.400203,         0,-4.88281E-006,         0,1500.0120492211506,2048.0016320441873,215.6099842954673,23.74,23.92,23.76,23.82 
2025-05-19-11-08-15,0,29.png,1,7,-42.766202,-2.375863,-3.400204,4.88281E-006,9.76563E-006,         0,1500.0391718924636,2047.9641913047815,215.60847155271316,23.74,23.9,23.76,23.83 
2025-05-19-11-08-19,0,30.png,1,8,-41.766197,-2.375956,-3.400205,-2.44141E-006,9.76563E-006,         0,1500.053833457681,2047.942229398242,215.6094329896777,23.74,23.93,23.76,23.83 
2025-05-19-11-08-23,0,31.png,1,9,-40.76619,-2.375951,-3.400205,9.76563E-006,4.88281E-006,         0,1499.8605580998662,2048.0205432002863,215.6247481673453,23.74,23.91,23.76,23.81 
2025-05-19-11-08-27,0,32.png,1,10,-39.766441,-2.375986,-3.400206,2.44141E-006,4.88281E-006,         0,1500.0151049933081,2047.9356349908464,215.61938906110115,23.74,23.93,23.76,23.82 
2025-05-19-11-08-31,0,33.png,1,10,-39.766404,-2.375928,-3.400206,-2.44141E-006,         0,         0,1499.9665213467335,2047.9668228864246,215.61957808193586,23.74,23.92,23.76,23.82 
2025-05-19-11-08-35,0,34.png,1,9,-40.766199,-2.37593,-3.400205,2.44141E-006,         0,         0,1500.0703037811486,2047.9661483667826,215.6303145089785,23.74,23.93,23.76,23.84 
2025-05-19-11-08-39,0,35.png,1,8,-41.766079,-2.375935,-3.400205,1.70898E-005,-4.88281E-006,         0,1500.0206853348884,2048.0239668608374,215.6188393174797,23.75,23.93,23.76,23.81 
2025-05-19-11-08-43,0,36.png,1,7,-42.766134,-2.375953,-3.400204,2.44141E-006,4.88281E-006,         0,1500.1646392824218,2048.0062407375112,215.60498114100793,23.75,23.92,23.76,23.82 
2025-05-19-11-08-47,0,37.png,1,6,-43.766344,-2.375403,-3.400203,1.2207E-005,-4.88281E-006,         0,1499.9075265839067,2047.992957834225,215.6063736942652,23.75,23.94,23.76,23.81 
2025-05-19-11-08-51,0,38.png,1,5,-44.766261,-2.375327,-3.400203,-1.2207E-005,-4.88281E-006,         0,1500.1191399564518,2047.9875596833583,215.5820833032493,23.75,23.92,23.76,23.82 
2025-05-19-11-08-55,0,39.png,1,4,-45.765723,-2.37573,-3.400202,-2.44141E-006,-4.88281E-006,         0,1499.9597432212022,2048.1269891667393,215.5990884974737,23.75,23.92,23.76,23.83 
2025-05-19-11-08-59,0,40.png,1,3,-46.765882,-2.375784,-3.400201,1.2207E-005,         0,         0,1499.9760307317426,2047.8821148057673,215.60196235727426,23.75,23.91,23.76,23.82 
2025-05-19-11-09-03,0,41.png,1,2,-47.766124,-2.375476,-3.400201,2.44141E-006,1.46484E-005,         0,1500.1109642890503,2048.05882117658,215.58829444208348,23.75,23.94,23.76,23.82 
2025-05-19-11-09-06,0,42.png,1,1,-48.766061,-2.375146,-3.4002,-2.44141E-006,-1.46484E-005,         0,1499.9910739341367,2048.0352678650556,215.57838281964482,23.75,23.94,23.76,23.84 
2025-05-19-11-09-10,0,43.png,1,0,-49.765671,-2.375568,-3.400199,4.88281E-006,         0,    0.0001,1500.020983330781,2048.0035856599366,215.5921781967218,23.75,23.93,23.76,23.83 
2025-05-19-11-09-14,0,44.png,2,0,-49.766066,-1.375523,-3.400199,4.88281E-006,-9.76563E-006,    0.0001,1500.118057236372,2047.9793147262603,215.57858951279113,23.75,23.92,23.76,23.83 
2025-05-19-11-09-18,0,45.png,2,1,-48.766485,-1.37508,-3.400199,-9.76563E-006,-1.46484E-005,    0.0001,1500.0025561277598,2048.0041340677326,215.601541855708,23.75,23.93,23.76,23.83 
2025-05-19-11-09-22,0,46.png,2,2,-47.766592,-1.375135,-3.4002,1.2207E-005,-9.76563E-006,    0.0001,1499.9469051137467,2048.088477925148,215.58430885851715,23.75,23.94,23.76,23.82 
2025-05-19-11-09-26,0,47.png,2,3,-46.766275,-1.375734,-3.400201,9.76563E-006,9.76563E-006,         0,1499.9557938429853,2047.9720166754598,215.6241176374561,23.75,23.93,23.76,23.82 
2025-05-19-11-09-30,0,48.png,2,4,-45.766198,-1.375923,-3.400201,1.2207E-005,9.76563E-006,         0,1500.105249831211,2047.9933139805046,215.61131652955078,23.75,23.93,23.76,23.83 
2025-05-19-11-09-34,0,49.png,2,5,-44.766614,-1.375505,-3.400202,1.46484E-005,         0,         0,1500.0351889142057,2048.0182446872823,215.60741104946212,23.75,23.94,23.77,23.83 
2025-05-19-11-09-38,0,50.png,2,6,-43.766784,-1.375277,-3.400203,         0,-9.76563E-006,         0,1499.8628903853323,2047.9542298945753,215.60585626553745,23.75,23.94,23.77,23.83 
2025-05-19-11-09-42,0,51.png,2,7,-42.766645,-1.375634,-3.400203,-4.88281E-006,4.88281E-006,         0,1499.855814966297,2047.9734295683825,215.617565424101,23.75,23.94,23.77,23.82 
2025-05-19-11-09-46,0,52.png,2,8,-41.766622,-1.375893,-3.400204,         0,9.76563E-006,         0,1499.9389350749975,2047.8445964415641,215.6199448278651,23.75,23.94,23.77,23.83 
2025-05-19-11-09-50,0,53.png,2,9,-40.766617,-1.375883,-3.400205,7.32422E-006,1.46484E-005,         0,1500.044269804795,2047.9826738051113,215.6442323915813,23.75,23.93,23.77,23.83 
2025-05-19-11-09-54,0,54.png,2,10,-39.766695,-1.375831,-3.400205,1.46484E-005,9.76563E-006,         0,1500.0000930505955,2048.074544348798,215.6405089474412,23.75,23.95,23.77,23.83 
2025-05-19-11-09-58,0,55.png,2,10,-39.766777,-1.37584,-3.400205,9.76563E-006,-4.88281E-006,         0,1499.86579396383,2048.00216226228,215.65120375145005,23.75,23.93,23.77,23.85 
2025-05-19-11-10-01,0,56.png,2,9,-40.766602,-1.375891,-3.400205,7.32422E-006,-4.88281E-006,   -0.0001,1500.0208542711846,2047.9965048001527,215.6493146303277,23.75,23.92,23.77,23.83 
2025-05-19-11-10-05,0,57.png,2,8,-41.766491,-1.376049,-3.400204,1.2207E-005,9.76563E-006,         0,1500.0182972195885,2048.0047765471677,215.6224262176464,23.75,23.93,23.77,23.82 
2025-05-19-11-10-09,0,58.png,2,7,-42.766598,-1.375887,-3.400203,4.88281E-006,9.76563E-006,         0,1500.1341412802763,2047.983200516854,215.63069513586896,23.75,23.94,23.77,23.84 
2025-05-19-11-10-13,0,59.png,2,6,-43.7668,-1.375262,-3.400203,2.44141E-006,4.88281E-006,         0,1499.8631871385537,2048.004607119858,215.6155950038203,23.75,23.93,23.77,23.82 
2025-05-19-11-10-17,0,60.png,2,5,-44.766677,-1.375411,-3.400202,4.88281E-006,-9.76563E-006,         0,1500.1046039469616,2047.9657057320667,215.60184960394022,23.75,23.94,23.77,23.84 
2025-05-19-11-10-21,0,61.png,2,4,-45.766336,-1.375945,-3.400201,-7.32422E-006,         0,         0,1500.155810109744,2047.9636806669985,215.60855891131732,23.75,23.93,23.77,23.84 
2025-05-19-11-10-25,0,62.png,2,3,-46.766228,-1.375707,-3.400201,         0,         0,         0,1499.9485606866613,2048.018809937917,215.62907095759803,23.75,23.93,23.77,23.83 
2025-05-19-11-10-29,0,63.png,2,2,-47.76656,-1.37508,-3.4002,7.32422E-006,         0,         0,1499.9364223482307,2048.0164545155067,215.58850722461202,23.75,23.93,23.77,23.84 
2025-05-19-11-10-33,0,64.png,2,1,-48.766475,-1.375051,-3.400199,-2.44141E-006,-9.76563E-006,    0.0001,1499.9326637911915,2048.0262504087355,215.59607959875348,23.75,23.94,23.77,23.84 
2025-05-19-11-10-37,0,65.png,2,0,-49.76608,-1.375485,-3.400199,2.44141E-006,         0,    0.0001,1500.17211005478,2048.008824930447,215.57539320818347,23.75,23.93,23.77,23.83 
2025-05-19-11-10-41,0,66.png,3,0,-49.766407,-0.37543,-3.400198,1.2207E-005,-4.88281E-006,    0.0001,1500.082936011784,2048.0352616396344,215.55642263776173,23.75,23.92,23.77,23.83 
2025-05-19-11-10-45,0,67.png,3,1,-48.766798,-0.375197,-3.400199,7.32422E-006,-9.76563E-006,    0.0001,1500.006159836782,2048.054980654121,215.5409056351893,23.75,23.93,23.77,23.84 
2025-05-19-11-10-49,0,68.png,3,2,-47.766952,-0.375152,-3.400199,         0,-1.46484E-005,    0.0001,1499.9173977527296,2048.012750980351,215.57704475901716,23.75,23.92,23.77,23.84 
2025-05-19-11-10-53,0,69.png,3,3,-46.766758,-0.375867,-3.4002,         0,9.76563E-006,   -0.0001,1499.9711511393987,2048.082629098017,215.56961472625147,23.75,23.92,23.77,23.84 
2025-05-19-11-10-57,0,70.png,3,4,-45.766682,-0.375851,-3.400201,-1.70898E-005,4.88281E-006,   -0.0001,1500.0488364767878,2047.9529389713757,215.61850382510903,23.75,23.92,23.77,23.84 
2025-05-19-11-11-01,0,71.png,3,5,-44.766973,-0.375469,-3.400201,7.32422E-006,-4.88281E-006,         0,1499.978928063242,2048.0132596792905,215.59206202662628,23.75,23.92,23.77,23.82 
2025-05-19-11-11-05,0,72.png,3,6,-43.767201,-0.375357,-3.400202,1.95313E-005,-9.76563E-006,   -0.0001,1500.1837075197689,2047.9711309963996,215.58919884912663,23.75,23.94,23.77,23.84 
2025-05-19-11-11-09,0,73.png,3,7,-42.76701,-0.375689,-3.400203,-2.44141E-006,9.76563E-006,   -0.0001,1500.1072082088072,2047.9636402925064,215.62396335582696,23.75,23.96,23.77,23.85 
2025-05-19-11-11-13,0,74.png,3,8,-41.766905,-0.375998,-3.400203,-2.44141E-006,9.76563E-006,   -0.0001,1500.0169359191607,2048.0080044743368,215.64230542963037,23.75,23.94,23.77,23.83 
2025-05-19-11-11-17,0,75.png,3,9,-40.767052,-0.375932,-3.400204,1.46484E-005,4.88281E-006,         0,1500.137188907925,2047.9578884216944,215.60900151208645,23.75,23.93,23.78,23.83 
2025-05-19-11-11-21,0,76.png,3,10,-39.767206,-0.375692,-3.400205,9.76563E-006,1.46484E-005,         0,1500.056901390079,2047.89033702795,215.63353220814048,23.75,23.95,23.77,23.83 
2025-05-19-11-11-24,0,77.png,3,10,-39.767186,-0.375831,-3.400205,4.88281E-006,1.46484E-005,   -0.0001,1500.0002215337956,2047.9285223614502,215.6304607436622,23.76,23.93,23.77,23.82 
2025-05-19-11-11-28,0,78.png,3,9,-40.767022,-0.375644,-3.400204,4.88281E-006,-9.76563E-006,    0.0001,1500.0097159552206,2047.9898362807282,215.60294348812326,23.76,23.93,23.77,23.84 
2025-05-19-11-11-32,0,79.png,3,8,-41.766864,-0.375823,-3.400203,7.32422E-006,-9.76563E-006,         0,1499.9835686564477,2048.075257022515,215.64229155255825,23.76,23.93,23.78,23.84 
2025-05-19-11-11-36,0,80.png,3,7,-42.766993,-0.375721,-3.400203,-2.44141E-006,         0,         0,1500.1019091208339,2047.8374837941692,215.61093243424392,23.76,23.95,23.78,23.84 
2025-05-19-11-11-40,0,81.png,3,6,-43.76708,-0.375263,-3.400202,         0,-4.88281E-006,         0,1499.9436336738213,2048.100578073341,215.58123270399494,23.76,23.92,23.77,23.84 
2025-05-19-11-11-45,0,82.png,3,5,-44.766958,-0.375231,-3.400201,         0,-1.46484E-005,    0.0001,1499.8855793899804,2047.9391137848572,215.59767790436365,23.76,23.94,23.77,23.84 
2025-05-19-11-11-49,0,83.png,3,4,-45.766625,-0.375721,-3.400201,-2.19727E-005,         0,         0,1499.9505735741257,2048.0541564878536,215.62245827510142,23.76,23.94,23.78,23.82 
2025-05-19-11-11-53,0,84.png,3,3,-46.766704,-0.375776,-3.4002,4.88281E-006,4.88281E-006,         0,1500.1519157719947,2047.9293851807176,215.56592322020458,23.76,23.94,23.78,23.83 
2025-05-19-11-11-57,0,85.png,3,2,-47.766884,-0.37518,-3.400199,         0,         0,    0.0001,1500.0149372925596,2047.9810329718314,215.58800609359025,23.76,23.94,23.78,23.84 
2025-05-19-11-12-01,0,86.png,3,1,-48.766907,-0.375072,-3.400199,         0,-4.88281E-006,    0.0001,1500.0841062204797,2047.9290280564196,215.53927089493942,23.76,23.94,23.78,23.83 
2025-05-19-11-12-05,0,87.png,3,0,-49.766406,-0.37525,-3.400198,-4.88281E-006,-4.88281E-006,    0.0001,1499.8708322684677,2047.9911948088882,215.55067844862253,23.76,23.94,23.78,23.84 
2025-05-19-11-12-09,0,88.png,4,0,-49.766784,0.624652,-3.400197,4.88281E-006,-1.46484E-005,    0.0001,1499.8891908052806,2047.9838899537708,215.54017210219743,23.76,23.94,23.78,23.85 
2025-05-19-11-12-13,0,89.png,4,1,-48.767196,0.624922,-3.400198,-1.2207E-005,-9.76563E-006,         0,1500.027577280574,2048.0354341090697,215.57589077235963,23.76,23.95,23.78,23.84 
2025-05-19-11-12-17,0,90.png,4,2,-47.767326,0.624749,-3.400199,-9.76563E-006,-9.76563E-006,    0.0001,1499.9506028259782,2048.015135008495,215.59561574707087,23.76,23.95,23.78,23.84 
2025-05-19-11-12-21,0,91.png,4,3,-46.766952,0.62434,-3.400199,1.2207E-005,-4.88281E-006,    0.0001,1499.9612412664803,2047.9943474512181,215.6086772147745,23.76,23.94,23.78,23.85 
2025-05-19-11-12-25,0,92.png,4,4,-45.766918,0.624135,-3.4002,         0,9.76563E-006,   -0.0001,1500.081824649646,2048.0519550724803,215.60096643093047,23.76,23.94,23.78,23.85 
2025-05-19-11-12-29,0,93.png,4,5,-44.767338,0.624672,-3.400201,7.32422E-006,-1.46484E-005,         0,1499.948690346318,2047.968374216379,215.62081360872426,23.76,23.94,23.78,23.84 
2025-05-19-11-12-33,0,94.png,4,6,-43.767394,0.624692,-3.400201,9.76563E-006,-9.76563E-006,         0,1499.8968404195257,2048.044975769017,215.6335238295048,23.76,23.94,23.78,23.84 
2025-05-19-11-12-37,0,95.png,4,7,-42.767303,0.624467,-3.400202,4.88281E-006,-4.88281E-006,         0,1499.9267636856287,2047.9590250180354,215.64185902607562,23.76,23.95,23.78,23.85 
2025-05-19-11-12-41,0,96.png,4,8,-41.767235,0.624114,-3.400203,         0,9.76563E-006,         0,1500.008642254596,2047.9842267034794,215.66545065809723,23.76,23.94,23.78,23.83 
2025-05-19-11-12-45,0,97.png,4,9,-40.76739,0.62414,-3.400203,-2.44141E-006,9.76563E-006,         0,1499.8950823113737,2047.9635517779716,215.6479717402249,23.76,23.95,23.78,23.85 
2025-05-19-11-12-49,0,98.png,4,10,-39.767574,0.624098,-3.400204,         0,4.88281E-006,   -0.0001,1499.8724274938832,2047.9819290794146,215.64763910754925,23.76,23.96,23.78,23.85 
2025-05-19-11-12-53,0,99.png,4,10,-39.767579,0.624207,-3.400204,-2.44141E-006,-4.88281E-006,         0,1499.9775828077022,2047.9933474131237,215.65078028164905,23.76,23.95,23.78,23.84 
2025-05-19-11-12-57,0,100.png,4,9,-40.767393,0.624201,-3.400203,-1.2207E-005,-9.76563E-006,         0,1500.02874553342,2047.894466063102,215.64904121222392,23.77,23.95,23.78,23.85 
2025-05-19-11-13-01,0,101.png,4,8,-41.767146,0.624155,-3.400203,1.2207E-005,         0,         0,1499.9559737958305,2048.0535600653034,215.6645845414175,23.77,23.93,23.78,23.82 
2025-05-19-11-13-05,0,102.png,4,7,-42.767346,0.624187,-3.400202,-4.88281E-006,9.76563E-006,         0,1500.1263981685386,2047.9978045755913,215.64164621517605,23.76,23.94,23.78,23.84 
2025-05-19-11-13-09,0,103.png,4,6,-43.767429,0.624814,-3.400201,-4.88281E-006,-9.76563E-006,   -0.0001,1499.771372825754,2048.0642748950286,215.62062176591968,23.76,23.95,23.78,23.83 
2025-05-19-11-13-13,0,104.png,4,5,-44.767287,0.624787,-3.400201,9.76563E-006,-9.76563E-006,         0,1499.9768505246805,2047.9642456671286,215.61554138190746,23.77,23.95,23.78,23.85 
2025-05-19-11-13-17,0,105.png,4,4,-45.766919,0.624253,-3.4002,2.44141E-006,-9.76563E-006,         0,1500.1669321119969,2047.9904397471219,215.61015342249894,23.76,23.96,23.78,23.85 
2025-05-19-11-13-20,0,106.png,4,3,-46.766858,0.624167,-3.400199,4.88281E-006,         0,    0.0001,1499.93401327331,2048.0598190448504,215.6175842285679,23.77,23.94,23.79,23.85 
2025-05-19-11-13-24,0,107.png,4,2,-47.767255,0.624776,-3.400199,2.44141E-006,         0,    0.0001,1499.927058969909,2048.006985275677,215.60160564553738,23.77,23.95,23.78,23.85 
2025-05-19-11-13-28,0,108.png,4,1,-48.767217,0.624836,-3.400198,         0,4.88281E-006,    0.0002,1500.0907801329683,2048.0038174779374,215.57644755844612,23.77,23.95,23.79,23.85 
2025-05-19-11-13-32,0,109.png,4,0,-49.766724,0.624616,-3.400197,-2.44141E-006,         0,    0.0001,1499.9720084978958,2048.0257105685737,215.54032391219872,23.77,23.95,23.79,23.86 
2025-05-19-11-13-36,0,110.png,5,0,-49.767077,1.624621,-3.400197,9.76563E-006,-1.46484E-005,    0.0001,1500.0005195732747,2048.0302741215323,215.59487121335656,23.77,23.95,23.79,23.85 
2025-05-19-11-13-40,0,111.png,5,1,-48.767517,1.624999,-3.400197,         0,-9.76563E-006,    0.0001,1499.9589868158314,2048.064224617877,215.58487034152418,23.77,23.95,23.78,23.85 
2025-05-19-11-13-44,0,112.png,5,2,-47.767724,1.624829,-3.400198,-9.76563E-006,-9.76563E-006,    0.0001,1500.066112592869,2047.9843846593872,215.6140862703617,23.77,23.96,23.79,23.85 
2025-05-19-11-13-48,0,113.png,5,3,-46.767373,1.624342,-3.400199,-2.44141E-006,-4.88281E-006,    0.0001,1499.9591587353036,2048.053452636488,215.61083487792456,23.77,23.94,23.79,23.85 
2025-05-19-11-13-52,0,114.png,5,4,-45.767391,1.62411,-3.400199,-4.88281E-006,1.95313E-005,    0.0001,1500.043691914984,2047.9595523412177,215.620895701459,23.77,23.95,23.79,23.86 
2025-05-19-11-13-56,0,115.png,5,5,-44.767706,1.624612,-3.4002,2.44141E-006,-9.76563E-006,         0,1499.941216359603,2047.9773214880538,215.61027510189354,23.77,23.96,23.79,23.83 
2025-05-19-11-14-00,0,116.png,5,6,-43.767852,1.624736,-3.400201,9.76563E-006,-1.95313E-005,    0.0001,1500.0224416309698,2048.0716938489672,215.66196348706384,23.77,23.96,23.79,23.84 
2025-05-19-11-14-04,0,117.png,5,7,-42.767724,1.624325,-3.400201,         0,         0,         0,1499.9072766651016,2047.9625868387286,215.64995415606242,23.77,23.95,23.79,23.84 
2025-05-19-11-14-08,0,118.png,5,8,-41.767614,1.624219,-3.400202,9.76563E-006,9.76563E-006,   -0.0001,1499.8563738489327,2048.0193220357705,215.68194871616058,23.77,23.95,23.79,23.85 
2025-05-19-11-14-12,0,119.png,5,9,-40.76782,1.624143,-3.400203,4.88281E-006,1.95313E-005,   -0.0001,1500.032823628969,2047.9475555020854,215.6884862940747,23.77,23.96,23.79,23.86 
2025-05-19-11-14-16,0,120.png,5,10,-39.767984,1.624123,-3.400203,         0,1.46484E-005,   -0.0001,1500.0120240152662,2048.0073458567035,215.68716154997404,23.77,23.94,23.79,23.86 
2025-05-19-11-14-20,0,121.png,5,10,-39.767972,1.624327,-3.400203,-2.44141E-006,-1.95313E-005,         0,1500.0111946677978,2047.9608881569516,215.6913510058121,23.77,23.96,23.79,23.85 
2025-05-19-11-14-24,0,122.png,5,9,-40.767775,1.624099,-3.400203,2.44141E-006,-9.76563E-006,   -0.0001,1500.0093283106953,2047.9820618964188,215.68467918213676,23.77,23.96,23.79,23.88 
2025-05-19-11-14-28,0,123.png,5,8,-41.767692,1.623955,-3.400202,-4.88281E-006,4.88281E-006,         0,1500.1970137011788,2047.916554711085,215.6825325869692,23.77,23.96,23.79,23.85 
2025-05-19-11-14-32,0,124.png,5,7,-42.767688,1.624416,-3.400201,7.32422E-006,9.76563E-006,   -0.0001,1499.8168941615775,2047.980105165289,215.6456953737007,23.77,23.95,23.79,23.83 
2025-05-19-11-14-36,0,125.png,5,6,-43.767769,1.624776,-3.400201,1.2207E-005,9.76563E-006,         0,1499.9478586787734,2048.074620268257,215.66071637088223,23.77,23.94,23.79,23.84 
2025-05-19-11-14-40,0,126.png,5,5,-44.767566,1.624715,-3.4002,-9.76563E-006,-4.88281E-006,    0.0001,1500.0701724425908,2048.0479864648355,215.6027378148725,23.77,23.94,23.79,23.84 
2025-05-19-11-14-43,0,127.png,5,4,-45.767331,1.624159,-3.400199,-4.88281E-006,-1.46484E-005,    0.0002,1500.1127187494635,2047.9973287037733,215.62439945900735,23.77,23.95,23.79,23.86 
2025-05-19-11-14-47,0,128.png,5,3,-46.767282,1.624274,-3.400199,-7.32422E-006,4.88281E-006,    0.0001,1500.0415585016922,2047.8968450187867,215.6112685888346,23.77,23.95,23.79,23.85 
2025-05-19-11-14-51,0,129.png,5,2,-47.767669,1.624807,-3.400198,2.44141E-006,         0,    0.0001,1500.07748065942,2047.9451786659436,215.61293437654157,23.77,23.95,23.79,23.86 
2025-05-19-11-14-55,0,130.png,5,1,-48.767556,1.625087,-3.400197,-1.2207E-005,-4.88281E-006,         0,1500.0559859065113,2048.0159862711835,215.59545570282253,23.77,23.97,23.79,23.84 
2025-05-19-11-14-59,0,131.png,5,0,-49.767073,1.624634,-3.400197,-4.88281E-006,4.88281E-006,    0.0001,1500.0401934273273,2047.9725712770005,215.6035895414512,23.77,23.96,23.79,23.85 
2025-05-19-11-15-03,0,132.png,6,0,-49.767479,2.624484,-3.400196,1.2207E-005,-1.46484E-005,    0.0001,1500.0101693370761,2048.061247687591,215.6184628979063,23.77,23.97,23.79,23.85 
2025-05-19-11-15-07,0,133.png,6,1,-48.76787,2.624843,-3.400197,-4.88281E-006,-4.88281E-006,         0,1500.0447698482305,2048.0034688624683,215.6190437457084,23.77,23.94,23.79,23.85 
2025-05-19-11-15-11,0,134.png,6,2,-47.768026,2.624776,-3.400197,-2.44141E-006,-9.76563E-006,    0.0001,1500.0096699175592,2047.997821956983,215.67319007591882,23.77,23.95,23.79,23.86 
2025-05-19-11-15-15,0,135.png,6,3,-46.767734,2.624238,-3.400198,-9.76563E-006,4.88281E-006,    0.0001,1500.0245358783523,2048.093196746074,215.6685254960428,23.77,23.95,23.79,23.86 
2025-05-19-11-15-19,0,136.png,6,4,-45.767678,2.624159,-3.400199,-9.76563E-006,4.88281E-006,    0.0001,1500.0367235297108,2048.0073532993206,215.6953767875254,23.77,23.96,23.79,23.85 
2025-05-19-11-15-23,0,137.png,6,5,-44.768068,2.624516,-3.400199,2.44141E-006,-1.46484E-005,         0,1500.0562868804498,2048.0070594023914,215.6615080650811,23.77,23.96,23.79,23.86 
2025-05-19-11-15-27,0,138.png,6,6,-43.768284,2.624724,-3.4002,1.46484E-005,-4.88281E-006,   -0.0001,1499.9790648952903,2047.9914353544782,215.67382865735075,23.77,23.95,23.8,23.86 
2025-05-19-11-15-31,0,139.png,6,7,-42.768068,2.624399,-3.400201,         0,4.88281E-006,   -0.0001,1499.9509424057492,2048.0242840611536,215.71062706783164,23.77,23.94,23.79,23.86 
2025-05-19-11-15-35,0,140.png,6,8,-41.767977,2.62406,-3.400201,2.44141E-006,9.76563E-006,         0,1500.162607358432,2048.086296507181,215.68707596612128,23.77,23.96,23.79,23.86 
2025-05-19-11-15-39,0,141.png,6,9,-40.768088,2.624083,-3.400202,7.32422E-006,1.46484E-005,         0,1500.1068773078277,2048.0023275507942,215.71098887129122,23.77,23.96,23.79,23.85 
2025-05-19-11-15-43,0,142.png,6,10,-39.76831,2.624237,-3.400203,-4.88281E-006,1.46484E-005,   -0.0001,1499.9728743691057,2047.982664892783,215.71772810645464,23.77,23.94,23.79,23.87 
2025-05-19-11-15-47,0,143.png,6,10,-39.768318,2.624324,-3.400203,-4.88281E-006,         0,         0,1499.8951023302807,2047.9833883782503,215.7181744434784,23.77,23.96,23.8,23.87 
2025-05-19-11-15-51,0,144.png,6,9,-40.768137,2.62414,-3.400202,-7.32422E-006,-9.76563E-006,   -0.0001,1499.9631016552264,2047.981503960618,215.7131126601184,23.77,23.94,23.79,23.87 
2025-05-19-11-15-55,0,145.png,6,8,-41.768,2.624126,-3.400201,9.76563E-006,9.76563E-006,         0,1499.89228755724,2048.0192364418,215.69627414634758,23.77,23.95,23.8,23.87 
2025-05-19-11-15-59,0,146.png,6,7,-42.768124,2.624256,-3.400201,-2.44141E-006,9.76563E-006,         0,1500.0010320989215,2047.921612022818,215.70763599536113,23.77,23.95,23.8,23.87 
2025-05-19-11-16-03,0,147.png,6,6,-43.768339,2.624649,-3.4002,-4.88281E-006,9.76563E-006,         0,1499.8332334403294,2048.0160724018124,215.67612417636374,23.78,23.95,23.8,23.87 
2025-05-19-11-16-07,0,148.png,6,5,-44.768142,2.624642,-3.400199,1.2207E-005,-1.46484E-005,    0.0001,1500.0106603939512,2048.009507988795,215.66444804930373,23.78,23.97,23.79,23.87 
2025-05-19-11-16-11,0,149.png,6,4,-45.767749,2.624295,-3.400199,         0,-4.88281E-006,    0.0001,1499.9570201574752,2048.004411618851,215.70559963918961,23.77,23.97,23.8,23.85 
2025-05-19-11-16-15,0,150.png,6,3,-46.767758,2.624135,-3.400198,-2.44141E-006,4.88281E-006,    0.0001,1499.9163843723425,2047.9905467521075,215.66088409430412,23.78,23.96,23.8,23.86 
2025-05-19-11-16-18,0,151.png,6,2,-47.768034,2.624807,-3.400197,4.88281E-006,9.76563E-006,         0,1500.1266604841196,2047.977065393315,215.6729609830982,23.78,23.97,23.79,23.88 
2025-05-19-11-16-22,0,152.png,6,1,-48.767969,2.624933,-3.400197,-2.44141E-006,-9.76563E-006,         0,1499.87881664744,2048.002469051312,215.6211328226942,23.78,23.95,23.8,23.87 
2025-05-19-11-16-26,0,153.png,6,0,-49.767626,2.624441,-3.400196,1.2207E-005,-9.76563E-006,         0,1500.022963342446,2047.9829559307345,215.61365672300096,23.78,23.97,23.8,23.85 
2025-05-19-11-16-30,0,154.png,7,0,-49.768021,3.624642,-3.400195,9.76563E-006,-9.76563E-006,    0.0001,1499.900819156931,2048.004261494921,215.64561444606994,23.78,23.94,23.8,23.86 
2025-05-19-11-16-34,0,155.png,7,1,-48.768428,3.624891,-3.400196,7.32422E-006,-9.76563E-006,    0.0001,1500.003567936703,2047.9498838988814,215.65200504817577,23.78,23.97,23.8,23.87 
2025-05-19-11-16-38,0,156.png,7,2,-47.768501,3.62487,-3.400197,         0,-4.88281E-006,    0.0001,1499.9646380097245,2048.001285932756,215.67594444873927,23.78,23.96,23.8,23.85 
2025-05-19-11-16-42,0,157.png,7,3,-46.768193,3.62434,-3.400197,         0,-4.88281E-006,         0,1499.9324269396243,2047.9815887210193,215.6718754370838,23.78,23.96,23.8,23.86 
2025-05-19-11-16-46,0,158.png,7,4,-45.768138,3.624124,-3.400198,-4.88281E-006,9.76563E-006,         0,1499.95480020001,2048.025966521325,215.68030386028576,23.78,23.96,23.8,23.85 
2025-05-19-11-16-50,0,159.png,7,5,-44.768641,3.624575,-3.400199,7.32422E-006,-9.76563E-006,         0,1499.9854711832463,2047.934393899483,215.660369997846,23.78,23.95,23.8,23.85 
2025-05-19-11-16-54,0,160.png,7,6,-43.76862,3.624561,-3.400199,-2.44141E-006,-9.76563E-006,         0,1500.0605863781052,2048.071635397573,215.68672960541915,23.78,23.96,23.8,23.87 
2025-05-19-11-16-58,0,161.png,7,7,-42.768528,3.624208,-3.4002,9.76563E-006,9.76563E-006,         0,1500.0280181902976,2047.9508959712498,215.7170812411794,23.78,23.97,23.8,23.86 
2025-05-19-11-17-02,0,162.png,7,8,-41.768314,3.624031,-3.400201,4.88281E-006,4.88281E-006,         0,1500.1023305166298,2048.02045008959,215.71053546130247,23.78,23.97,23.8,23.85 
2025-05-19-11-17-06,0,163.png,7,9,-40.76846,3.623987,-3.400201,2.44141E-006,9.76563E-006,   -0.0001,1500.0827031657523,2048.045693311686,215.7049359088382,23.78,23.96,23.8,23.86 
2025-05-19-11-17-10,0,164.png,7,10,-39.76857,3.6242,-3.400202,-7.32422E-006,9.76563E-006,         0,1500.042957806565,2048.0668496756825,215.71434779243245,23.78,23.96,23.8,23.86 
2025-05-19-11-17-14,0,165.png,7,10,-39.768686,3.624159,-3.400202,-7.32422E-006,         0,   -0.0001,1499.9664443955796,2047.9475404746547,215.7172788271906,23.78,23.96,23.8,23.85 
2025-05-19-11-17-18,0,166.png,7,9,-40.768606,3.623936,-3.400201,2.44141E-006,-9.76563E-006,         0,1500.0365406012404,2047.926293890986,215.6965576446107,23.78,23.96,23.8,23.86 
2025-05-19-11-17-22,0,167.png,7,8,-41.768392,3.623924,-3.400201,4.88281E-006,         0,   -0.0001,1500.0866109141787,2047.9559663446248,215.7081177315278,23.78,23.95,23.8,23.85 
2025-05-19-11-17-26,0,168.png,7,7,-42.768443,3.624187,-3.4002,1.46484E-005,4.88281E-006,         0,1500.1148925284685,2048.1209308490024,215.70854983773674,23.78,23.97,23.8,23.85 
2025-05-19-11-17-30,0,169.png,7,6,-43.768531,3.624685,-3.400199,         0,-9.76563E-006,    0.0001,1499.8755714292945,2048.0482062458873,215.68714772870868,23.78,23.96,23.8,23.86 
2025-05-19-11-17-34,0,170.png,7,5,-44.768618,3.624546,-3.400199,9.76563E-006,-9.76563E-006,         0,1499.9815987189093,2048.0538434706596,215.66426987827296,23.78,23.95,23.8,23.87 
2025-05-19-11-17-38,0,171.png,7,4,-45.76827,3.623951,-3.400198,-7.32422E-006,4.88281E-006,         0,1500.2141197466294,2047.956710649014,215.67303520786763,23.78,23.97,23.8,23.87 
2025-05-19-11-17-42,0,172.png,7,3,-46.768179,3.624177,-3.400197,-1.2207E-005,4.88281E-006,    0.0001,1499.9941554193015,2048.001526999639,215.67701553963894,23.78,23.96,23.8,23.87 
2025-05-19-11-17-46,0,173.png,7,2,-47.768454,3.624659,-3.400197,         0,9.76563E-006,         0,1499.9683939392962,2047.9901374718243,215.67315105431794,23.78,23.98,23.8,23.87 
2025-05-19-11-17-49,0,174.png,7,1,-48.768456,3.624588,-3.400196,-1.46484E-005,4.88281E-006,         0,1500.215658527917,2047.9916519118597,215.65349783916795,23.78,23.95,23.8,23.87 
2025-05-19-11-17-53,0,175.png,7,0,-49.767958,3.624586,-3.400195,-2.44141E-006,4.88281E-006,    0.0001,1499.9327369726702,2048.060079517428,215.64109647661527,23.78,23.97,23.8,23.87 
2025-05-19-11-17-57,0,176.png,8,0,-49.768149,4.624492,-3.400195,4.88281E-006,         0,    0.0001,1499.927201210568,2048.065300473257,215.66490357158173,23.78,23.96,23.8,23.86 
2025-05-19-11-18-01,0,177.png,8,1,-48.768555,4.624857,-3.400195,-9.76563E-006,-4.88281E-006,    0.0001,1499.998874501665,2048.011853112282,215.67908034890502,23.79,23.96,23.8,23.87 
2025-05-19-11-18-05,0,178.png,8,2,-47.768723,4.62483,-3.400196,-1.2207E-005,-9.76563E-006,    0.0001,1500.112720557643,2047.9787129695146,215.72434725029578,23.78,23.97,23.8,23.87 
2025-05-19-11-18-09,0,179.png,8,3,-46.76839,4.624344,-3.400197,-1.46484E-005,         0,   -0.0001,1500.0122517137218,2048.0532632886125,215.70503138309775,23.79,23.97,23.81,23.87 
2025-05-19-11-18-13,0,180.png,8,4,-45.768304,4.624389,-3.400197,-4.88281E-006,-1.46484E-005,         0,1499.859798826533,2048.0508931125473,215.7394331819651,23.78,23.97,23.8,23.88 
2025-05-19-11-18-17,0,181.png,8,5,-44.768718,4.624566,-3.400198,1.46484E-005,-1.46484E-005,    0.0001,1499.9951958377185,2048.0497241184935,215.72746487246894,23.78,23.97,23.81,23.86 
2025-05-19-11-18-21,0,182.png,8,6,-43.768875,4.62473,-3.400199,9.76563E-006,-1.46484E-005,         0,1499.932516583887,2047.9842528698646,215.7276001746699,23.79,23.96,23.81,23.87 
2025-05-19-11-18-25,0,183.png,8,7,-42.768765,4.624357,-3.400199,-2.44141E-006,         0,         0,1499.9124454437997,2047.954013688462,215.72896585401594,23.78,23.97,23.8,23.87 
2025-05-19-11-18-29,0,184.png,8,8,-41.768646,4.624144,-3.4002,1.2207E-005,9.76563E-006,   -0.0001,1499.9089542769655,2047.9121424551547,215.75005397402887,23.78,23.96,23.81,23.86 
2025-05-19-11-18-33,0,185.png,8,9,-40.76874,4.624094,-3.400201,2.44141E-006,9.76563E-006,   -0.0001,1500.0511680011768,2047.9429793061968,215.75157667145288,23.79,23.96,23.81,23.86 
2025-05-19-11-18-37,0,186.png,8,10,-39.768801,4.624194,-3.400201,1.46484E-005,9.76563E-006,         0,1499.9868775705154,2047.9901027725844,215.75129190163267,23.79,23.97,23.81,23.87 
2025-05-19-11-18-41,0,187.png,8,10,-39.7688,4.624323,-3.400201,-7.32422E-006,-1.46484E-005,         0,1499.9433744144394,2047.919150417075,215.7478919854027,23.78,23.96,23.81,23.88 
2025-05-19-11-18-45,0,188.png,8,9,-40.768722,4.624055,-3.400201,1.2207E-005,-1.46484E-005,         0,1499.9720709315136,2048.0117022915256,215.76342405099206,23.79,23.96,23.81,23.87 
2025-05-19-11-18-49,0,189.png,8,8,-41.768589,4.624119,-3.4002,1.2207E-005,-9.76563E-006,         0,1499.8335766888754,2048.009960717797,215.75453373084085,23.79,23.97,23.81,23.87 
2025-05-19-11-18-53,0,190.png,8,7,-42.768622,4.624338,-3.400199,-1.46484E-005,-9.76563E-006,    0.0001,1499.9094704905583,2048.0480132190073,215.72844549222617,23.79,23.96,23.81,23.88 
2025-05-19-11-18-57,0,191.png,8,6,-43.768793,4.624852,-3.400199,-9.76563E-006,-9.76563E-006,    0.0001,1499.8607550844647,2048.040074246382,215.7361285884746,23.79,23.97,23.81,23.88 
2025-05-19-11-19-01,0,192.png,8,5,-44.768837,4.624789,-3.400198,1.46484E-005,-9.76563E-006,    0.0001,1499.9763793449647,2047.969295772467,215.73142835299092,23.79,23.97,23.81,23.87 
2025-05-19-11-19-05,0,193.png,8,4,-45.768355,4.624226,-3.400197,2.44141E-006,9.76563E-006,   -0.0001,1499.8791335540993,2048.049225692844,215.7297429318232,23.79,23.99,23.81,23.87 
2025-05-19-11-19-09,0,194.png,8,3,-46.768314,4.624117,-3.400197,-9.76563E-006,9.76563E-006,         0,1500.2627003145255,2047.957849429863,215.70885112971246,23.79,23.96,23.81,23.87 
2025-05-19-11-19-12,0,195.png,8,2,-47.768619,4.624918,-3.400196,-9.76563E-006,         0,    0.0001,1499.9651678335622,2047.9672361386076,215.72205179605484,23.79,23.96,23.81,23.87 
2025-05-19-11-19-16,0,196.png,8,1,-48.768593,4.625037,-3.400195,2.44141E-006,-9.76563E-006,    0.0001,1499.972270163944,2047.9824202920672,215.67200052070288,23.79,23.98,23.81,23.87 
2025-05-19-11-19-20,0,197.png,8,0,-49.768218,4.624582,-3.400195,-1.46484E-005,-9.76563E-006,    0.0001,1499.8810388433653,2047.9311243007305,215.66144976704197,23.79,23.97,23.81,23.88 
2025-05-19-11-19-24,0,198.png,9,0,-49.768664,5.624519,-3.400194,1.46484E-005,-9.76563E-006,         0,1500.0060048426037,2048.067853507186,215.67260494540898,23.79,23.97,23.81,23.88 
2025-05-19-11-19-28,0,199.png,9,1,-48.768935,5.625018,-3.400195,1.2207E-005,-9.76563E-006,         0,1499.974679523326,2048.031619562339,215.67479580927602,23.79,23.97,23.81,23.89 
2025-05-19-11-19-32,0,200.png,9,2,-47.769093,5.625109,-3.400195,-9.76563E-006,-9.76563E-006,    0.0001,1499.7488155484073,2047.9185369066836,215.7111636581664,23.79,23.99,23.81,23.87 
2025-05-19-11-19-36,0,201.png,9,3,-46.768758,5.624463,-3.400196,-2.44141E-006,-9.76563E-006,    0.0001,1499.9634764180614,2048.0431254026435,215.72019808828955,23.79,23.98,23.81,23.87 
2025-05-19-11-19-40,0,202.png,9,4,-45.768742,5.62439,-3.400197,-2.44141E-006,-9.76563E-006,    0.0001,1499.8168087603435,2048.0214399828574,215.72975455751296,23.79,23.96,23.81,23.88 
2025-05-19-11-19-44,0,203.png,9,5,-44.769104,5.62467,-3.400197,-2.44141E-006,-4.88281E-006,         0,1500.0971460232156,2048.0117391450353,215.77152682929858,23.79,23.97,23.81,23.89 
2025-05-19-11-19-48,0,204.png,9,6,-43.769312,5.624864,-3.400198,-1.2207E-005,-9.76563E-006,         0,1499.9802714123107,2048.0081688107925,215.7206019239087,23.79,23.97,23.81,23.86 
2025-05-19-11-19-52,0,205.png,9,7,-42.769207,5.624293,-3.400199,         0,         0,         0,1500.0773474949106,2047.97409587819,215.75292241118476,23.79,23.97,23.81,23.86 
2025-05-19-11-19-56,0,206.png,9,8,-41.769007,5.62415,-3.400199,-4.88281E-006,4.88281E-006,         0,1500.0603761512364,2048.0242847244526,215.7431336985239,23.79,23.96,23.81,23.88 
2025-05-19-11-20-00,0,207.png,9,9,-40.769155,5.624345,-3.4002,7.32422E-006,1.95313E-005,   -0.0001,1499.9880888938924,2047.9709927856877,215.7570109765212,23.79,23.97,23.81,23.86 
2025-05-19-11-20-04,0,208.png,9,10,-39.769263,5.624381,-3.400201,7.32422E-006,9.76563E-006,         0,1499.9833125425587,2048.0687454681893,215.7614496927573,23.79,23.96,23.81,23.89 
2025-05-19-11-20-08,0,209.png,9,10,-39.76932,5.624332,-3.400201,         0,-9.76563E-006,   -0.0001,1499.9406438192525,2048.0386942254486,215.75807471837413,23.79,23.98,23.81,23.87 
2025-05-19-11-20-12,0,210.png,9,9,-40.769162,5.624304,-3.4002,-4.88281E-006,-9.76563E-006,   -0.0001,1500.032130993424,2048.0317377569013,215.76137647944773,23.79,23.97,23.81,23.87 
2025-05-19-11-20-16,0,211.png,9,8,-41.769098,5.624143,-3.400199,-1.46484E-005,         0,    0.0001,1499.8754833307194,2047.9677616775668,215.74904825707415,23.79,23.96,23.81,23.87 
2025-05-19-11-20-20,0,212.png,9,7,-42.769138,5.62435,-3.400199,-9.76563E-006,1.46484E-005,    0.0001,1499.8871760549596,2048.0137196236956,215.75533566884766,23.79,23.97,23.81,23.87 
2025-05-19-11-20-24,0,213.png,9,6,-43.769347,5.624552,-3.400198,-1.2207E-005,9.76563E-006,         0,1500.1120124894005,2047.9925539883402,215.72075080294042,23.79,23.98,23.81,23.86 
2025-05-19-11-20-28,0,214.png,9,5,-44.769202,5.62473,-3.400197,4.88281E-006,-9.76563E-006,    0.0001,1500.0418320940498,2048.0060567274654,215.7720984118058,23.79,23.97,23.81,23.88 
2025-05-19-11-20-31,0,215.png,9,4,-45.768687,5.624279,-3.400197,-7.32422E-006,         0,         0,1500.0164939573333,2048.092176071614,215.7317593166631,23.79,23.98,23.81,23.85 
2025-05-19-11-20-35,0,216.png,9,3,-46.768628,5.624448,-3.400196,9.76563E-006,4.88281E-006,         0,1499.9012244846977,2047.9614253072748,215.72142080139886,23.79,23.98,23.81,23.86 
2025-05-19-11-20-39,0,217.png,9,2,-47.768993,5.625016,-3.400195,2.44141E-006,9.76563E-006,         0,1499.9467647773422,2048.0010361148593,215.72301895816392,23.79,23.97,23.81,23.87 
2025-05-19-11-20-43,0,218.png,9,1,-48.768925,5.625052,-3.400195,4.88281E-006,4.88281E-006,   -0.0001,1499.9650860551583,2048.0737789084965,215.67297034433528,23.79,23.97,23.81,23.87 
2025-05-19-11-20-47,0,219.png,9,0,-49.768542,5.624676,-3.400194,-7.32422E-006,-4.88281E-006,         0,1499.8962349768278,2048.033268568515,215.6774149713818,23.79,23.97,23.81,23.88 
2025-05-19-11-20-51,0,220.png,10,0,-49.769022,6.624574,-3.400193,2.44141E-006,-1.46484E-005,    0.0001,1500.0525052772985,2047.9785034512884,215.6163535287309,23.79,23.99,23.81,23.87 
2025-05-19-11-20-55,0,221.png,10,1,-48.769414,6.624916,-3.400194,1.2207E-005,-9.76563E-006,    0.0001,1499.9442472391272,2048.0394288625766,215.63643079584426,23.79,23.97,23.81,23.87 
2025-05-19-11-20-59,0,222.png,10,2,-47.769538,6.624944,-3.400195,-1.46484E-005,-4.88281E-006,         0,1500.0009781869276,2048.0301405795417,215.66273462926748,23.79,23.97,23.81,23.88 
2025-05-19-11-21-03,0,223.png,10,3,-46.769151,6.624375,-3.400195,1.95313E-005,-4.88281E-006,         0,1499.9438741928002,2047.9574253243318,215.6853844268014,23.8,23.98,23.81,23.88 
2025-05-19-11-21-07,0,224.png,10,4,-45.769058,6.624359,-3.400196,-9.76563E-006,-1.46484E-005,         0,1499.837546178802,2047.8594618512013,215.68816567856138,23.79,23.97,23.81,23.86 
2025-05-19-11-21-11,0,225.png,10,5,-44.76945,6.624863,-3.400197,1.46484E-005,-9.76563E-006,         0,1500.0052410061053,2048.0058982384367,215.66402629516452,23.79,23.97,23.81,23.87 
2025-05-19-11-21-15,0,226.png,10,6,-43.769547,6.624815,-3.400197,1.95313E-005,-1.46484E-005,    0.0001,1499.928171994032,2048.0621656152516,215.6958238977837,23.79,23.97,23.81,23.87 
2025-05-19-11-21-19,0,227.png,10,7,-42.769457,6.624347,-3.400198,4.88281E-006,-9.76563E-006,         0,1500.1815980597007,2048.0011984713674,215.69044020420222,23.8,23.97,23.81,23.87 
2025-05-19-11-21-23,0,228.png,10,8,-41.769328,6.624328,-3.400199,-2.44141E-006,-4.88281E-006,         0,1499.8304087869965,2048.0650251991465,215.71992620947293,23.8,23.99,23.81,23.87 
2025-05-19-11-21-27,0,229.png,10,9,-40.769446,6.624097,-3.400199,1.46484E-005,9.76563E-006,         0,1500.026213487824,2047.9455505284511,215.72269251447557,23.8,23.97,23.81,23.87 
2025-05-19-11-21-31,0,230.png,10,10,-39.769545,6.62431,-3.4002,1.46484E-005,4.88281E-006,         0,1499.9172929745637,2048.06058530498,215.71672718042626,23.8,23.98,23.81,23.87 
2025-05-19-11-21-35,0,231.png,10,10,-39.769681,6.624162,-3.4002,1.2207E-005,4.88281E-006,         0,1500.1404657030494,2047.9790983126088,215.71742365203443,23.8,23.98,23.81,23.88 
2025-05-19-11-21-39,0,232.png,10,9,-40.769428,6.624241,-3.400199,4.88281E-006,-9.76563E-006,    0.0001,1500.0857319133086,2047.9786189947265,215.7248871744176,23.79,23.96,23.81,23.88 
2025-05-19-11-21-42,0,233.png,10,8,-41.769409,6.624256,-3.400199,2.44141E-006,-9.76563E-006,    0.0001,1499.8041184722256,2048.0106840155668,215.72317404906818,23.8,23.97,23.81,23.87 
2025-05-19-11-21-46,0,234.png,10,7,-42.7696,6.624194,-3.400198,9.76563E-006,4.88281E-006,    0.0001,1500.1321363001591,2047.9340604723827,215.68415653867294,23.8,23.97,23.81,23.85 
2025-05-19-11-21-50,0,235.png,10,6,-43.769718,6.624689,-3.400197,-4.88281E-006,         0,         0,1499.9486343464678,2048.03155337163,215.70166460255837,23.8,23.97,23.81,23.87 
2025-05-19-11-21-54,0,236.png,10,5,-44.769585,6.624617,-3.400197,9.76563E-006,4.88281E-006,         0,1500.000865577719,2048.001473187704,215.66671322337598,23.8,23.99,23.82,23.88 
2025-05-19-11-21-58,0,237.png,10,4,-45.769196,6.624216,-3.400196,         0,         0,    0.0001,1499.845914417142,2048.0940028183377,215.6962097741766,23.8,23.98,23.81,23.88 
2025-05-19-11-22-02,0,238.png,10,3,-46.769155,6.62427,-3.400195,9.76563E-006,4.88281E-006,    0.0001,1499.912022582968,2047.9984595018268,215.68744152923244,23.8,23.96,23.82,23.88 
2025-05-19-11-22-06,0,239.png,10,2,-47.769433,6.624797,-3.400195,2.44141E-006,4.88281E-006,         0,1500.0583819798323,2048.004579896971,215.65584528590475,23.8,23.97,23.81,23.87 
2025-05-19-11-22-10,0,240.png,10,1,-48.769396,6.624914,-3.400194,         0,-4.88281E-006,         0,1500.116262752334,2048.0092802388235,215.64171752203708,23.8,23.96,23.81,23.87 
2025-05-19-11-22-14,0,241.png,10,0,-49.769041,6.624576,-3.400193,7.32422E-006,         0,         0,1499.8849769075957,2047.9920872080586,215.61651429975103,23.8,23.97,23.82,23.87 
